{"cameraMode":{"drawMode":0,"name":"Shaded","section":"Shading Mode"},"sceneLighting":false,"audioPlay":false,"sceneViewState":{"m_AlwaysRefresh":false,"showFog":true,"showSkybox":false,"showFlares":true,"showImageEffects":true,"showParticleSystems":true,"showVisualEffectGraphs":true,"m_FxEnabled":true},"in2DMode":false,"pivot":{"x":2.5900001525878908,"y":-1.9499998092651368,"z":-2.8400001525878908},"rotation":{"x":-0.050345003604888919,"y":0.036547474563121799,"z":0.001843542791903019,"w":0.9980625510215759},"size":0.8660253882408142,"orthographic":false}